<assembly xmlns="http://maven.apache.org/ASSEMBLY/2.0.0"
					xmlns:xsi="http://www.w3.org/2001/XMLSchema-instance"
					xsi:schemaLocation="http://maven.apache.org/ASSEMBLY/2.0.0 http://maven.apache.org/xsd/assembly-2.0.0.xsd">

	<id>src</id>

	<formats>
		<format>tar.gz</format>
		<format>zip</format>
	</formats>

	<fileSets>
		<fileSet>
			<directory>${project.basedir}</directory>
			<outputDirectory>/</outputDirectory>
			<excludes>
				<exclude>**/target/**</exclude>
				<exclude>*.iml</exclude>
			</excludes>
			<useDefaultExcludes>true</useDefaultExcludes>
		</fileSet>
	</fileSets>

</assembly>
